NOME,EMPRESA,CIDADE,PAIS,CARGO,ENDERECO,EMAIL,DATA_NASCIMENTO
Stella da Cruz,da Luz,Jesus de Rios,Ilhas Salomão,Lutador de taekwondo,"Recanto Ravi Pinto, 741",henry-gabriellima@example.com,1984-09-07
Pedro Miguel Carvalho,Casa Grande,Vasconcelos da Mata,Ilhas Cook,Homeopata,"Lagoa Nicolas Mendonça, 733",caueda-conceicao@example.net,1914-11-20
Maria Luísa Lima,Oliveira,Mendes do Galho,Usbequistão,Arquiteto,"Praia Maya Caldeira, 13",bsilveira@example.com,1953-08-13
Luiz Felipe Montenegro,Barros,Jesus,Congo-Brazzaville,Médico legista,Campo Aragão,mfreitas@example.org,1995-04-26
Davi Lucas Albuquerque,Cirino da Luz S.A.,Ribeiro,Eslováquia,Guarda ou policial rodoviário,"Fazenda Milena Fernandes, 62",costadavi-luiz@example.com,1916-02-03
Sr. Otávio Rezende,Casa Grande,Ramos,Jamaica,Bóia-fria,"Largo Farias, 85",peixotoemanuella@example.org,1918-03-01
Matteo da Costa,Pires,Sales,Botsuana,Headhunter,"Trevo Campos, 71",ljesus@example.com,1952-08-06
Vitor Hugo Vasconcelos,Cavalcanti S/A,Rocha,Honduras,Almirante,"Setor de Silva, 41",danilocamara@example.com,1973-05-10
Joana Gomes,Rodrigues Silva S/A,Mendes das Flores,Níger,Tecnólogo em silvicultura,"Sítio de Freitas, 77",manuelaporto@example.net,2015-04-23
Maitê Oliveira,Castro S/A,Lopes da Serra,Cabo Verde,Apicultor,"Praia de Sousa, 23",das-nevesraul@example.com,1995-04-23
Ayla Carvalho,Aragão Souza Ltda.,Silveira,Usbequistão,Atuário,"Chácara Enzo Gabriel Rios, 558",almeidahenrique@example.net,1962-03-07
Vinicius Barbosa,Fonseca,Garcia do Norte,Santa Helena,Marketeiro,Viela de Rocha,cirinorael@example.com,2000-02-17
Dr. João Gabriel Sousa,Rios,Aragão,Quênia,Engenheiro de segurança do trabalho,"Via da Mota, 27",clopes@example.org,1917-02-24
Isaac Pires,Novaes,Carvalho,Ilha do Natal,Diplomata,"Campo Albuquerque, 35",da-luzjose-miguel@example.org,1955-01-22
Ísis Cirino,Correia Vasconcelos Ltda.,Moraes das Pedras,Marrocos,Capitão,"Campo de Nunes, 44",cardosoemanuelly@example.com,1951-04-27
Isaque Cavalcanti,Câmara,Pires Grande,São Cristóvão e Neves,Hostess,"Avenida Rezende, 84",raquelcassiano@example.org,1998-11-24
Manuella Carvalho,Moraes S.A.,Almeida de da Paz,Uruguai,Quiropraxista,"Passarela Eduarda Pires, 56",duartebella@example.org,1973-07-11
Juan Rocha,Abreu e Filhos,Moreira Verde,Aruba,Técnico em tratamento de água,"Avenida de Brito, 78",carvalhofernando@example.com,1949-10-13
Sra. Luara Ribeiro,Silva - EI,Borges,Uganda,Crítico,"Morro Maria Sá, 7",agatha47@example.net,1962-01-20
Gabriela Cirino,Aparecida,Ribeiro de Cunha,Gâmbia,Mecanógrafo,Recanto de Brito,boliveira@example.com,2004-08-25
Renan Correia,Camargo,das Neves,Birmânia,Designer de jóia,"Recanto de Peixoto, 62",pietrorezende@example.org,1952-02-20
Srta. Lorena Silveira,Cavalcante - ME,Caldeira dos Dourados,Croácia,Escritor,"Vereda Kamilly Pimenta, 10",gmendonca@example.net,2006-02-17
Maria Laura Machado,Andrade Teixeira S.A.,Pastor de Araújo,Paraguai,Gestor de qualidade,Loteamento Maria Eduarda Vargas,barroslavinia@example.org,1950-04-04
Sr. Samuel da Luz,da Cunha,Cavalcante Alegre,Belize,Coloproctologista,"Colônia Helena Cunha, 949",novaisjose-miguel@example.com,1914-05-14
Sr. Ravi da Cruz,da Conceição Abreu - EI,Oliveira,Benim,Promotor público/de justiça,"Morro Valentim Sampaio, 334",davidias@example.com,1966-09-28
Maria Isis Moraes,Fonseca,Cirino,Reino Unido,Coreógrafo,"Favela de Sousa, 71",luizasales@example.org,1979-12-29
Dr. Yuri Freitas,Andrade Fernandes S.A.,Souza das Pedras,Haiti,Militar da Aeronáutica,"Alameda de Farias, 6",fariaspietro@example.com,2015-11-17
Kevin Nogueira,Pereira,das Neves de Araújo,República Centro-Africana,Engenheiro agrimensor,"Esplanada Matheus Cavalcanti, 27",xleao@example.org,1997-01-17
Benício Oliveira,Duarte Azevedo - ME,Correia do Campo,Navassa Island,Promotor de vendas,"Estação Pedro Vargas, 89",cavalcanticaua@example.net,1921-10-10
Hellena Sousa,Garcia,Machado,Sérvia,Perito criminal,"Residencial Anna Liz Moreira, 55",antonio73@example.net,1914-06-27
Srta. Ana Liz Silveira,Câmara,Azevedo Alegre,Ilhas Turcas e Caicos,Biblioteconomista,"Loteamento de Sales, 62",da-pazemanuella@example.net,2005-07-12
Luara da Cunha,Casa Grande,Fernandes das Flores,Antígua e Barbuda,Ombudsman,"Alameda Clarice Novais, 7",davi75@example.net,2024-01-15
Alana da Rosa,Ferreira e Filhos,Casa Grande do Amparo,São Vicente e Granadinas,Ortesista,"Chácara Melina Casa Grande, 63",vda-costa@example.net,2019-04-25
Pedro Miguel da Cunha,Santos Sousa - EI,Cavalcanti de Fernandes,Grécia,Guia turistico,"Vereda Maria Júlia Ribeiro, 59",ryan22@example.org,2001-01-19
Thiago Campos,Abreu Ribeiro - ME,da Paz Paulista,Birmânia,Personal trainer,"Favela Pacheco, 30",pedro-henriquebarbosa@example.com,2015-09-02
Benjamin Lopes,da Cunha,Ramos Paulista,Comores,Relações públicas,"Morro Mariane Rios, 79",dda-paz@example.com,1921-01-29
Eloá Sampaio,Câmara Gomes Ltda.,Ferreira,Barbados,Paisagista,"Alameda de Cirino, 26",liamcassiano@example.net,2000-06-25
Ana Peixoto,Gonçalves,Cassiano,Eritreia,Embalador,"Sítio Dante Ferreira, 908",paulooliveira@example.net,1921-10-17
Juliana Cardoso,da Conceição,Cunha de Mendonça,Malta,Copeiro,"Recanto de da Luz, 28",leandro29@example.com,2012-03-03
Mirella da Luz,Novais,Silva,Ucrânia,Almirante,"Praia Luiz Fernando Caldeira, 87",sousacecilia@example.net,1937-03-01
Arthur Gabriel Cavalcanti,Moura Ltda.,Peixoto da Praia,Sri Lanka,Fresador,"Favela Dante da Rosa, 437",uferreira@example.net,1960-01-31
Maria Júlia Santos,Costa S.A.,da Mata de Gomes,Vietnam,Petroleiro,"Distrito Yago Rodrigues, 63",breno32@example.com,2010-08-13
Antonella Cassiano,Marques Guerra Ltda.,Araújo,Áustria,Nadador,"Campo de Camargo, 23",sarapimenta@example.net,1973-09-29
Pedro Lucas Rodrigues,Azevedo,Pimenta de Cavalcanti,Tuvalu,Cozinheira,"Trecho Isabelly Aragão, 41",maria-cecilia03@example.org,1933-11-24
Srta. Lara Fonseca,Nogueira Ltda.,Martins,Tailândia,Implantodontista,"Estrada de Macedo, 45",yasmin19@example.org,2015-03-19
Eloah Correia,Rodrigues e Filhos,Martins,Costa do Marfim,Toxicologista,"Estação Carvalho, 88",olopes@example.net,2008-06-16
Julia Melo,Leão - EI,Santos de Minas,Cuba,Conferente de carga e descarga,"Viela de Machado, 87",gpinto@example.com,1912-10-27
Pietra Pereira,Lopes da Mota Ltda.,das Neves da Mata,Burquina Faso,Aeroviário,"Vereda Milena Costa, 75",cassianomarina@example.com,2024-09-01
Luiz Otávio Correia,Teixeira Ltda.,da Rosa de Cassiano,Gana,Promotor público/de justiça,"Lagoa de Moreira, 971",apires@example.com,2011-02-28
Maria Helena Camargo,Azevedo,Moura da Prata,Angola,Coreógrafo,"Loteamento de Souza, 6",elisa88@example.org,2000-06-12
Paulo Silva,Lopes - EI,Barbosa do Galho,Ashmore and Cartier Islands,Infectologista,"Aeroporto Arthur Miguel Pastor, 408",luigi29@example.org,1936-06-30
Théo da Luz,Vargas,Pereira Alegre,Guiana,Xilógrafo,"Sítio Pinto, 20",abreuluiz-fernando@example.net,2008-08-04
Olívia Câmara,Casa Grande - EI,Moreira,Niue,Locutor,"Praça Cassiano, 2",levimacedo@example.net,1960-07-20
Fernando Pires,Ferreira - EI,Fonseca,Svalbard e Jan Mayen,Radialista,"Jardim Carvalho, 43",cassianomaria-laura@example.org,1962-09-27
Giovanna Ribeiro,Oliveira,Campos de Minas,Eslováquia,Psiquiatra,"Rodovia de Abreu, 81",smontenegro@example.net,1931-09-24
Nathan Correia,Pacheco Sampaio - ME,Viana de Costela,Benim,Odontologista preventivo e social,"Setor Eduardo Lima, 2",martinsolivia@example.com,1956-03-03
Maria Alice Castro,Aragão,Macedo de Campos,Brasil,Repórter,"Praia Sousa, 636",valentimabreu@example.net,1958-07-12
Catarina Peixoto,Aparecida,da Costa,Akrotiri,Zelador,"Conjunto Lunna Castro, 582",heitornascimento@example.org,2006-07-02
Théo Viana,Peixoto,Pastor,Ilhas Virgens Britânicas,Psicopedagogo,"Chácara Farias, 34",ecavalcanti@example.net,1956-05-28
Maria Helena Cirino,Viana e Filhos,Rios da Mata,Barein,Somelier,"Campo Valentina Barbosa, 53",correiacaio@example.com,2004-02-15
Ana Carolina Vargas,Fogaça,Nogueira,Bermudas,Astrofísico,"Passarela de Casa Grande, 2",benicio05@example.net,1972-02-04
Sr. Samuel Gomes,Lima,Aragão de Mendonça,Micronésia,Mergulhador,"Rua de da Rosa, 82",otto32@example.net,2006-06-22
Sr. Bernardo Lopes,Macedo,Farias do Galho,Brasil,Penhorista,"Estrada de Porto, 231",leaoleandro@example.net,1929-11-11
Gabrielly Moreira,Gonçalves,Sales da Serra,Burquina Faso,Sapateiro,"Setor de Silveira, 96",pietracirino@example.org,1955-06-19
Erick da Costa,Barbosa,Sales,Brasil,Taxista,"Aeroporto Ferreira, 9",jose-miguelfreitas@example.org,2019-09-25
Dr. Lucas Viana,Lopes,Farias,Nigéria,Webdesigner,"Conjunto da Paz, 25",fpimenta@example.com,1961-11-13
Mateus Martins,Gomes,Freitas,Paquistão,Barbeiro,"Recanto Esther Peixoto, 2",nda-costa@example.com,1998-06-12
Marcela Mendes,da Rosa - EI,da Costa Alegre,Butão,Ascensorista,"Estrada Maria Júlia Nunes, 54",monteiroleandro@example.net,1916-11-30
Isaque Pimenta,das Neves,Silveira de Sales,Dinamarca,Promotor de vendas,"Lago Agatha Souza, 961",joanamachado@example.org,1970-05-05
Luísa Montenegro,Lima Nunes - EI,Fonseca do Sul,Indonésia,Massagista,"Via João Guilherme Aparecida, 15",benjamin39@example.com,1926-05-03
Lavínia Peixoto,da Paz,da Mata de Barros,Estônia,Químico farmacêutico,"Jardim Nunes, 245",dom94@example.org,1942-06-09
Thomas Aragão,Câmara,da Mata Verde,Territórios Austrais Franceses,Profissional de manutenção industrial,"Favela de Vargas, 67",noah73@example.com,1990-02-16
Dante Alves,Almeida S.A.,Barros,Akrotiri,Engenheiro de horticultura,"Praça Farias, 50",nviana@example.net,1977-08-05
Sr. Matteo Nascimento,Leão,Pimenta de Pereira,Território Britânico do Oceano Índico,Agente de defesa sanitária,"Ladeira Macedo, 82",fernandoalmeida@example.com,2021-05-06
Luiz Miguel Camargo,Silva - ME,Lopes,Ilhas Cook,Manicure,Vila da Luz,pgoncalves@example.net,1998-12-05
Maria da Cruz,Lima Cavalcante - EI,Lopes de Vieira,Cuba,Taxista,"Praça Igor Cassiano, 56",yasmin63@example.com,2020-10-05
Eduarda Brito,das Neves da Rocha S.A.,Rios,Salvador,Pecuarista,"Morro Sampaio, 64",luiz-miguelda-paz@example.com,1959-10-17
Pietro Peixoto,Castro Novaes S.A.,Andrade de Lopes,Santa Lúcia,Profissional de linguística,"Passarela da Cruz, 840",nathan96@example.net,1930-05-24
Davi Luiz Albuquerque,Pereira Macedo - EI,Cavalcanti de da Luz,Vanuatu,Flanelinha,"Parque de Moreira, 96",luisafarias@example.net,1979-04-28
Aurora Sousa,Brito Pinto Ltda.,Peixoto,Maldivas,Almirante,"Lago Benjamim Lima, 478",aparecidaisabelly@example.org,1923-02-26
Sra. Stella Vasconcelos,Nunes Barros S.A.,Araújo,Marianas do Norte,Necromaquiador,"Ladeira Alexia Mendes, 98",castroanthony@example.org,1955-02-11
Beatriz Aparecida,Ribeiro Ramos S.A.,Pimenta da Prata,Suíça,Farmacêutico,"Jardim Jade Fernandes, 51",aalbuquerque@example.com,1939-06-28
Ana Júlia Peixoto,Fernandes Abreu e Filhos,Sales,Eritreia,Judoca,"Ladeira Moreira, 41",agatha19@example.org,1960-03-14
Theo Costela,Souza,Pacheco Paulista,Jibuti,Grafologista,"Favela Rocha, 64",igor14@example.net,1945-03-14
Henry Vasconcelos,Farias,Cavalcanti,Estados Unidos,Ilustrador,Praça Lucca Moura,da-cruzmarcos-vinicius@example.com,1981-05-09
Srta. Alana Melo,Souza Farias Ltda.,Novais,Trindade e Tobago,Apicultor,"Parque da Conceição, 43",brayanoliveira@example.org,1916-03-07
Dra. Pietra Barros,Novaes,Souza de Jesus,Itália,Lavador de veículos,"Rodovia Bruna Cirino, 78",goncalvesmathias@example.net,1998-05-04
Larissa Pastor,Viana,da Rocha do Oeste,Sara Ocidental,Auditor,"Residencial de Ramos, 42",dda-luz@example.net,1940-02-17
Sr. Rodrigo Ribeiro,Peixoto,Fernandes do Sul,Honduras,Engenheiro ambiental,"Residencial de Farias, 722",lborges@example.org,1955-12-05
Thiago Almeida,Porto Oliveira - ME,Cardoso da Serra,Venezuela,Ortoptista,"Área de da Costa, 766",daniela83@example.net,2001-11-09
Isis Silveira,Lima S.A.,Castro de Costela,Islândia,Coronel,"Área de Rios, 38",rafaelcastro@example.com,1975-05-30
Hadassa Costa,Siqueira,Cavalcanti,Faroé,Leão de chácara,"Morro de Fogaça, 93",gvasconcelos@example.com,2025-02-23
Marcela Albuquerque,Machado,Barros,Marrocos,Operador de telemarketing,"Ladeira de da Cruz, 92",qcamargo@example.net,1944-07-09
Isis Pires,Pinto,da Mata de Monteiro,Colômbia,Pediatra,"Conjunto de Freitas, 93",barrosisabelly@example.net,1924-04-18
Eloá da Luz,Siqueira,Ribeiro das Flores,Antártica,Fundidor de placa de gesso,"Núcleo de Macedo, 571",rael44@example.net,1963-09-24
Ísis Vargas,Sales - EI,Porto de Fernandes,Gabão,Massoterapeuta,"Favela Brito, 38",otaviocunha@example.net,1959-04-01
João Felipe da Costa,Leão - ME,Campos,Ilhas Cook,Acompanhante,"Condomínio de Sampaio, 58",esantos@example.com,1968-09-07
Giovanna Souza,Jesus Casa Grande S.A.,da Rocha,Camarões,Boticário,"Lagoa Daniela Sales, 37",enrico30@example.net,1965-04-13
Lara Ribeiro,Pereira da Conceição - EI,Duarte da Praia,Moldávia,Gravurista,"Morro Stella Lima, 34",goncalvesmarcos-vinicius@example.org,1930-12-29
André Cunha,da Conceição - EI,Pinto,São Cristóvão e Neves,Alpinista,"Viela Ramos, 391",yalmeida@example.net,1918-05-01
